Zip3,Higher % blacks than state,Higher % blacks than country,Higher % bachelors degrees than state,Higher % graduate degrees than state,Higher % high school degree than state,Higher % no diploma than state,Higher % some college than state,Higher % unemployment than state,Higher median income than state,Higher % powerty than state
350,False,True,False,False,True,True,True,False,True,False
351,False,True,False,False,True,True,True,False,True,False
352,True,True,True,True,False,False,False,False,True,True
354,True,True,True,True,True,False,False,False,False,True
355,False,False,False,False,True,True,False,True,False,True
356,False,False,False,False,True,True,False,False,False,False
357,False,False,True,True,False,False,False,False,True,False
358,True,True,True,True,False,False,True,False,True,False
359,False,False,False,False,True,True,True,False,False,True
360,True,True,False,False,True,True,False,True,False,False
361,True,True,True,True,False,False,False,True,False,True
362,False,True,False,False,True,True,True,True,False,True
363,False,True,False,False,True,True,True,False,False,True
364,True,True,False,False,True,True,False,True,False,True
365,False,True,False,False,True,False,True,False,True,False
366,True,True,True,True,False,False,True,True,False,True
367,True,True,False,False,True,True,False,True,False,True
368,True,True,True,True,False,False,True,False,False,True
369,True,True,False,False,True,True,False,True,False,True
356,True,False,False,False,True,True,True,True,False,True
357,True,False,False,False,False,True,False,True,False,True
358,True,True,True,True,False,True,True,True,False,True
359,True,False,False,False,True,True,True,True,False,True
360,True,True,False,False,True,True,False,True,False,True
321,True,False,False,False,True,True,True,True,False,True
322,True,True,False,False,False,True,True,True,False,True
323,True,True,False,True,False,True,True,True,False,True
324,True,False,False,False,True,True,True,True,False,True
325,True,True,False,False,False,True,True,True,False,True
326,True,True,False,True,False,True,False,True,False,True
327,True,False,False,False,False,True,True,True,False,True
328,True,True,False,False,False,True,True,True,False,True
329,True,False,False,False,True,True,True,True,False,True
330,True,True,False,False,True,True,True,True,False,True
344,True,False,False,False,True,True,True,True,False,True
346,True,False,False,False,True,True,True,True,False,True
303,True,True,True,True,False,True,False,True,False,True
304,True,True,False,False,True,True,False,True,False,True
305,True,False,False,False,True,True,False,True,False,True
306,True,True,False,False,True,True,False,True,False,True
307,True,False,False,False,True,True,False,True,False,True
308,True,True,False,False,True,True,True,True,False,True
310,True,True,False,False,True,True,True,True,False,True
380,True,True,False,False,True,True,False,True,False,True
382,True,False,False,False,True,True,False,True,False,True
385,True,False,False,False,True,True,False,True,False,True
387,True,True,False,False,True,True,True,True,False,True
386,True,True,False,False,True,True,True,True,False,True
388,True,True,False,False,True,True,True,True,False,True
389,True,True,False,False,True,True,False,True,False,True
311,True,False,True,True,False,False,False,False,True,False
343,False,False,True,True,True,False,False,True,False,True
345,False,False,False,True,True,False,True,False,False,False
374,True,True,False,False,True,True,True,True,False,True
375,True,False,True,True,False,False,False,False,True,False
376,True,False,False,False,True,True,False,True,False,True
377,True,False,False,False,True,True,False,True,False,True
378,True,False,False,False,True,True,False,True,False,True
381,True,True,False,False,True,True,True,True,False,True
383,True,True,False,False,True,True,False,True,False,True
384,True,False,False,False,True,True,False,True,False,True
301,False,True,True,False,True,False,True,False,True,False
300,True,True,True,True,False,False,False,False,True,False
302,True,True,False,False,True,False,True,True,True,False
303,True,True,True,True,False,False,False,True,True,True
304,False,True,False,False,True,True,False,False,False,True
305,False,False,False,False,True,True,False,False,True,False
306,False,True,False,True,True,True,False,False,False,False
307,False,False,False,False,True,True,False,False,False,False
308,False,True,False,False,True,False,True,False,True,False
309,True,True,False,False,True,True,True,True,False,True
310,False,True,False,False,True,True,True,False,False,True
312,True,True,False,False,True,True,False,True,False,True
313,False,True,False,False,True,False,True,True,True,False
314,True,True,True,True,False,False,True,True,False,True
315,False,True,False,False,True,True,True,False,False,True
316,False,True,False,False,True,True,True,True,False,True
317,True,True,False,False,True,True,True,True,False,True
318,False,True,False,False,True,True,True,True,False,False
319,True,True,False,False,False,False,True,True,False,True
398,True,True,False,False,True,True,False,True,False,True
995,True,False,True,True,False,False,False,False,True,False
996,False,False,False,False,True,True,True,True,False,True
997,False,False,False,True,False,True,True,True,False,True
998,False,False,True,True,False,False,False,False,True,False
999,False,False,False,False,True,True,True,True,False,True
850,True,False,False,False,False,True,False,False,False,True
851,True,False,False,False,True,False,True,True,True,False
852,False,False,True,True,False,False,False,False,True,False
853,True,False,False,False,True,True,True,False,True,False
855,False,False,False,True,True,False,False,True,True,False
856,False,False,False,False,False,False,True,True,False,False
857,False,False,False,True,False,False,True,True,False,True
859,False,False,False,False,True,True,True,True,False,True
860,True,False,False,True,False,True,False,True,False,True
863,True,False,False,False,True,False,True,True,False,False
864,False,False,False,False,True,False,True,True,False,False
865,False,False,False,False,True,True,False,True,False,True
850,False,False,False,False,False,True,True,True,False,True
851,False,False,False,False,True,True,True,True,False,True
852,False,False,True,True,False,False,True,False,False,True
853,False,False,False,False,False,True,True,False,False,True
855,False,False,False,True,False,True,True,True,False,True
856,False,False,False,False,False,True,True,True,False,True
860,False,False,False,False,False,True,True,True,False,True
863,False,False,False,False,False,False,True,True,False,True
864,False,False,False,False,True,True,True,True,False,True
873,False,False,False,False,True,True,True,True,False,True
720,True,True,False,False,True,True,True,False,False,True
749,False,False,False,False,True,True,True,False,False,True
890,False,False,False,False,True,True,True,True,False,True
800,False,False,True,False,False,False,True,False,False,False
801,False,False,True,True,False,False,True,False,True,False
802,False,False,True,False,False,True,True,False,False,True
803,False,False,True,True,False,False,False,False,False,False
804,False,False,True,True,False,False,True,False,False,False
805,False,False,True,True,False,False,True,False,False,False
806,False,False,False,False,True,True,True,False,False,True
807,False,False,False,False,True,False,True,False,False,False
808,False,False,False,False,True,False,True,False,False,False
809,False,False,False,False,False,False,True,False,False,False
810,False,False,False,False,True,True,True,True,False,True
811,False,False,False,False,True,True,True,True,False,True
832,False,False,False,False,True,False,True,False,False,True
833,False,False,False,False,True,True,True,False,False,True
834,False,False,False,False,False,False,True,False,False,True
835,False,False,False,False,True,False,True,False,False,True
836,False,False,False,False,True,True,True,False,False,True
840,False,False,False,False,False,False,True,False,False,False
831,False,False,False,False,True,False,True,False,False,False
700,True,True,False,False,True,True,True,False,False,True
701,True,True,False,False,False,True,True,True,False,True
703,True,True,False,False,True,True,False,False,False,True
704,True,True,False,False,True,True,True,True,False,True
705,True,True,False,False,True,True,False,False,False,True
706,True,True,False,False,True,True,True,False,False,True
707,True,True,False,False,True,True,True,False,False,True
708,True,True,False,False,False,True,True,False,False,True
710,True,True,False,False,True,True,True,True,False,True
711,True,True,False,False,True,True,True,True,False,True
827,False,False,False,False,True,False,True,False,False,False
702,False,False,True,True,False,True,False,False,False,True
709,False,False,True,True,False,True,False,False,True,True
730,False,False,False,False,False,False,True,False,False,True
731,True,True,False,False,False,True,True,False,False,True
740,False,False,False,False,True,False,True,False,False,False
741,False,True,False,False,False,True,True,False,False,True
742,False,False,True,False,True,False,False,False,True,False
743,False,False,False,False,True,True,True,False,False,True
744,False,False,False,False,True,True,True,True,False,True
745,False,False,False,True,False,False,True,False,True,True
746,False,False,False,False,True,False,True,False,False,True
747,False,False,False,False,True,True,True,False,False,True
748,False,False,False,False,True,True,True,False,False,True
750,False,False,True,False,False,True,True,False,False,False
751,True,True,False,False,True,True,True,False,False,True
752,True,True,False,False,False,True,False,False,False,True
760,False,False,False,False,False,True,True,False,False,True
762,False,False,True,False,False,False,True,False,False,False
763,False,False,False,False,True,True,True,False,False,True
764,False,False,False,False,True,True,True,False,False,True
765,True,True,False,False,False,False,True,True,False,True
766,False,False,False,False,True,True,True,False,False,True
767,True,True,False,False,False,True,True,False,False,True
770,True,True,False,False,False,True,True,False,False,True
771,False,False,True,True,False,False,True,False,False,False
772,False,False,True,True,False,False,True,False,True,False
773,False,False,False,False,False,True,True,False,False,False
774,True,True,True,False,False,False,True,False,True,False
775,False,False,False,False,False,True,True,False,False,True
776,False,False,False,False,True,True,True,False,False,True
780,False,False,False,False,False,True,True,False,False,True
782,False,False,False,False,False,True,True,False,False,True
783,False,False,False,False,True,True,True,False,False,True
784,False,False,False,False,True,True,True,False,False,True
785,False,False,False,False,False,True,False,True,False,True
786,False,False,False,False,False,False,True,False,False,False
787,False,False,True,True,False,False,True,False,False,True
788,False,False,False,False,False,True,True,True,False,True
790,False,False,False,False,False,True,True,False,False,True
792,False,False,True,True,False,False,False,False,True,False
793,False,False,False,False,False,True,True,False,False,True
794,False,False,False,False,False,True,True,False,False,True
795,False,False,False,False,True,True,True,False,False,False
796,False,False,False,False,False,True,True,False,False,True
797,False,False,False,False,False,True,True,False,False,False
798,False,False,False,False,False,True,False,True,False,True
820,False,False,False,False,False,False,True,False,False,False
821,False,False,False,False,True,True,True,True,False,False
822,False,False,False,False,False,False,True,False,False,False
823,True,True,False,False,True,True,True,True,False,True
824,False,False,False,False,True,False,True,False,False,False
825,False,False,False,False,True,False,True,True,False,True
826,False,False,False,False,True,False,True,False,False,False
830,True,True,False,False,True,True,True,False,False,True
854,False,False,True,True,False,False,False,False,True,False
861,True,True,False,False,True,True,True,True,False,True
862,True,True,False,False,True,True,True,True,False,False
869,False,False,True,True,False,False,True,False,True,False
870,False,False,False,False,True,True,True,True,False,True
872,False,False,False,False,True,False,True,True,False,False
874,False,False,False,False,True,True,True,True,False,True
875,False,False,False,False,True,False,True,False,False,True
880,False,False,False,False,False,True,True,True,False,True
881,False,False,True,True,False,False,True,False,False,True
882,False,False,False,False,False,True,True,False,False,True
883,False,False,False,False,False,False,True,True,False,True
884,False,False,True,True,False,False,True,False,True,False
885,False,False,True,True,False,False,True,False,True,False
886,False,False,False,False,True,True,False,False,False,True
887,True,True,True,True,False,False,True,False,True,False
888,False,False,False,False,True,False,True,False,True,False
889,False,False,False,False,False,False,False,False,False,False
873,False,False,False,False,True,True,False,True,True,True
878,False,False,False,False,True,True,False,False,False,False
870,False,False,False,False,True,True,False,True,False,True
874,False,False,False,False,True,False,True,True,True,False
875,False,False,True,True,True,False,False,False,True,False
880,True,False,True,True,False,True,False,True,True,True
881,True,False,True,True,False,False,False,False,True,False
882,True,False,True,True,True,True,False,False,True,False
883,True,False,True,True,True,False,False,False,True,False
884,True,False,True,True,False,False,False,False,True,False
871,True,False,True,True,False,False,True,False,True,False
877,False,False,False,False,True,True,True,False,False,True
879,False,False,False,False,True,True,False,True,False,True
845,False,False,False,False,True,True,True,True,False,True
840,True,False,True,False,False,False,True,False,True,False
843,False,False,False,False,True,False,False,False,False,True
841,True,False,False,True,True,True,False,True,False,True
844,True,False,False,False,True,True,False,True,False,True
846,False,False,True,True,False,False,True,True,False,True
847,False,False,False,False,True,False,True,True,False,True
716,True,True,False,False,True,True,False,True,False,True
717,True,True,False,False,True,True,False,True,False,True
718,True,True,False,False,True,True,True,True,False,True
719,False,False,False,False,False,False,True,True,False,True
720,True,True,False,False,True,True,False,True,True,False
721,True,True,True,False,True,False,True,False,True,False
722,True,True,True,True,False,False,False,False,True,False
723,True,True,False,False,True,True,False,True,False,True
724,False,False,False,False,True,True,False,False,False,False
725,False,False,False,False,True,True,True,True,False,True
726,False,False,False,False,True,True,True,False,False,False
727,False,False,True,True,False,False,False,False,True,False
728,False,False,False,False,True,True,False,False,False,True
729,False,False,False,False,True,True,True,False,False,True
657,False,False,False,False,True,True,True,False,False,True
633,False,False,True,True,False,False,True,False,True,False
634,False,False,False,False,True,False,False,False,False,False
635,False,False,False,True,True,False,False,False,True,False
636,False,False,False,False,True,True,True,True,False,True
637,False,False,False,True,True,False,False,False,True,False
638,True,True,False,False,True,True,False,True,False,True
640,False,False,True,False,True,False,True,False,True,False
641,True,True,True,True,False,False,False,False,True,True
644,False,False,True,True,True,False,False,False,True,False
645,False,False,False,False,True,True,False,True,True,False
646,False,False,True,True,True,False,False,False,True,False
647,False,False,True,True,True,False,False,False,True,False
648,False,False,True,True,True,False,False,False,True,False
651,True,True,True,True,False,True,False,True,False,True
652,False,False,True,True,False,False,False,False,False,False
630,False,False,True,True,False,False,True,False,True,False
631,True,True,True,True,False,False,False,True,True,True
639,False,False,False,False,True,True,False,True,False,True
650,False,False,False,False,True,True,False,True,False,False
653,False,False,False,False,True,True,True,True,False,True
654,False,False,False,False,True,True,False,True,False,True
655,False,False,False,False,True,True,False,True,False,True
656,False,False,False,False,True,True,True,True,False,True
658,False,False,True,True,False,False,True,False,False,True
749,False,False,False,False,True,True,False,True,False,True
730,True,False,True,True,False,False,False,False,True,False
731,True,True,True,True,False,True,True,False,True,True
740,False,False,True,True,False,False,True,False,True,False
741,True,True,True,True,False,False,False,True,True,True
743,False,False,True,True,True,False,False,True,True,False
744,False,False,False,False,True,False,False,True,True,True
745,False,False,True,True,False,False,False,True,True,False
746,False,False,True,False,True,False,False,True,True,False
747,False,False,True,True,True,True,False,True,True,False
748,False,False,False,False,True,True,False,True,True,False
734,False,False,False,False,True,True,False,False,False,False
735,True,False,False,False,True,False,True,True,False,True
736,False,False,False,False,True,True,False,False,False,False
737,False,False,False,False,True,False,False,False,True,False
738,False,False,False,False,True,True,False,False,True,False
739,False,False,False,False,True,True,False,False,True,False
900,True,True,False,False,False,True,False,True,False,True
902,True,False,False,False,False,True,False,False,True,True
903,True,True,False,False,True,True,True,True,False,True
904,False,False,True,True,False,False,False,False,True,False
905,False,False,True,True,False,False,True,False,True,False
906,False,False,False,False,True,True,True,False,False,False
907,True,False,False,False,True,True,True,False,False,False
908,True,True,False,False,False,True,True,True,False,True
910,True,False,True,True,False,False,False,False,True,False
911,True,False,True,True,False,False,False,False,True,False
912,False,False,True,True,False,False,False,False,False,False
913,False,False,True,True,False,False,False,False,True,False
914,False,False,True,False,False,True,False,True,False,True
915,False,False,True,True,False,False,True,False,False,False
916,False,False,True,False,False,False,False,True,False,True
917,False,False,False,False,True,True,False,False,False,False
918,False,False,True,False,True,True,False,False,False,False
919,False,False,False,False,True,False,True,True,False,False
920,False,False,True,True,False,False,True,False,True,False
921,True,False,True,True,False,False,False,False,True,False
922,False,False,False,False,True,True,True,True,False,True
923,True,False,False,False,True,True,True,True,False,True
924,True,True,False,False,True,True,False,True,False,True
925,True,False,False,False,True,True,True,True,False,True
926,False,False,True,True,False,False,False,False,True,False
927,False,False,False,False,False,True,False,False,False,True
928,False,False,True,False,True,False,True,False,True,False
930,False,False,False,False,False,True,True,False,True,False
931,False,False,True,True,False,False,False,False,True,False
932,False,False,False,False,True,True,False,True,False,True
933,True,False,False,False,True,True,True,True,False,True
934,False,False,False,False,False,False,True,False,False,False
935,True,True,False,False,True,True,True,True,False,True
936,False,False,False,False,True,True,True,True,False,True
937,True,False,False,False,True,True,True,True,False,True
939,False,False,False,False,False,True,False,False,False,True
940,False,False,True,True,False,False,False,False,True,False
941,False,False,True,True,False,False,False,False,True,False
943,False,False,True,True,False,False,False,False,True,False
944,False,False,True,True,False,False,False,False,True,False
945,True,False,True,True,False,False,True,False,True,False
946,True,True,True,True,False,True,False,True,False,True
947,True,False,True,True,False,False,False,False,True,False
948,True,True,False,False,True,True,True,True,False,True
949,False,False,True,True,False,False,False,False,True,False
950,False,False,True,True,False,False,False,False,True,False
951,False,False,True,True,False,False,False,False,True,False
952,True,False,False,False,True,True,True,True,False,True
953,False,False,False,False,True,True,True,True,False,True
954,False,False,False,False,True,False,True,False,False,False
955,False,False,False,False,True,False,True,True,False,False
956,False,False,True,True,True,False,True,False,False,False
957,False,False,True,True,False,False,True,False,True,False
958,True,False,False,False,True,False,True,True,False,True
959,False,False,False,False,True,False,True,True,False,True
960,False,False,False,False,True,False,True,True,False,True
961,False,False,False,False,True,False,True,True,False,False
890,True,False,True,True,False,True,False,True,True,False
891,True,False,False,False,True,True,False,True,False,True
893,False,False,False,False,True,False,True,False,True,False
894,False,False,False,False,True,False,True,False,True,False
895,False,False,True,True,False,False,False,False,True,False
897,False,False,False,True,False,False,True,False,False,False
898,False,False,False,False,True,True,True,False,True,False
975,False,False,False,False,True,True,True,True,False,True
976,False,False,False,False,True,True,True,True,False,True
979,False,False,False,False,True,True,True,True,False,True
970,False,False,True,False,False,False,True,False,True,False
971,False,False,False,False,True,True,False,False,True,False
972,True,False,True,True,False,False,False,False,True,False
973,False,False,False,False,True,True,True,True,False,True
974,False,False,False,False,True,False,True,True,False,True
977,False,False,False,False,True,False,True,True,False,False
978,False,False,False,False,True,True,True,True,False,True
800,True,False,False,False,True,True,False,True,True,False
801,False,False,True,True,False,False,False,False,True,False
802,True,False,False,False,True,True,False,False,False,True
803,False,False,True,True,False,False,False,True,True,False
804,True,False,True,True,False,False,False,True,True,False
805,False,False,True,True,False,False,False,False,True,False
806,True,False,False,False,True,True,True,True,False,True
807,True,False,False,False,True,True,False,True,False,False
808,True,False,False,False,True,False,True,True,True,False
809,True,False,False,False,True,False,True,True,False,True
810,True,False,False,False,True,True,True,True,False,True
811,True,False,False,False,True,True,True,True,False,True
812,False,False,False,False,True,False,True,True,False,True
813,False,False,False,True,True,False,True,False,False,False
814,False,False,False,False,True,True,True,True,False,True
815,False,False,False,False,True,True,True,True,False,True
816,False,False,True,False,True,True,False,False,True,False
678,False,False,False,False,False,True,True,False,False,True
600,False,False,True,True,False,False,True,False,True,False
601,False,False,True,False,False,True,True,False,False,False
602,True,True,True,True,False,False,False,False,False,False
603,False,False,True,True,False,False,False,False,True,False
604,True,True,False,False,True,True,True,True,False,True
605,False,False,True,True,False,True,True,False,True,False
606,True,True,False,False,False,True,False,True,False,True
607,False,False,True,False,False,True,True,False,False,False
608,True,True,False,False,True,True,True,True,False,True
609,True,True,False,False,True,True,True,False,False,True
610,False,False,False,False,True,True,True,True,False,True
611,True,True,False,False,True,True,True,True,False,True
612,False,False,False,False,True,True,True,True,False,True
616,True,True,False,False,True,True,True,True,False,True
622,True,True,False,False,True,False,True,False,False,True
623,False,False,False,False,True,False,True,False,False,True
624,False,False,False,False,True,True,True,False,False,True
625,False,False,False,False,True,False,True,True,False,True
626,False,False,False,False,True,False,True,False,False,False
627,True,True,False,False,True,False,True,True,False,True
628,False,False,False,False,True,True,True,True,False,True
632,True,True,False,False,True,True,True,True,False,True
633,False,False,False,False,True,False,True,False,False,False
634,False,False,False,False,True,True,True,False,False,True
635,False,False,False,False,True,True,True,False,False,True
636,False,False,False,False,True,True,True,False,False,True
637,False,False,False,False,True,True,True,False,False,True
638,True,True,False,False,True,True,True,True,False,True
640,False,False,False,False,True,False,True,False,False,True
641,True,True,False,False,False,False,True,False,False,True
642,False,False,True,True,False,False,True,False,True,False
643,False,False,True,True,False,False,False,False,True,False
644,False,False,False,False,True,False,True,False,False,True
645,False,False,False,False,True,True,True,False,False,True
646,False,False,False,False,True,False,True,False,False,True
647,False,False,False,False,True,False,True,False,False,True
648,False,False,False,False,True,True,True,False,False,True
649,False,False,True,False,True,False,False,False,True,False
651,True,True,False,False,True,True,False,True,False,True
652,False,False,False,False,True,False,True,False,False,True
660,True,False,True,False,False,False,True,False,False,True
661,True,True,False,False,True,True,True,True,False,True
670,False,False,False,False,True,True,True,False,False,True
671,False,False,False,False,True,False,True,False,False,True
675,False,False,False,False,True,True,True,False,False,True
676,False,False,False,False,True,False,True,False,False,False
677,False,False,False,False,True,False,True,False,False,False
679,False,False,False,False,True,True,True,False,False,False
680,False,False,True,False,False,False,True,False,False,False
681,False,False,True,False,False,True,True,False,False,True
682,False,False,True,True,False,False,False,False,True,False
683,False,False,True,False,True,False,True,False,False,False
684,False,False,True,False,True,False,True,False,True,False
685,False,False,True,False,False,False,True,False,False,True
687,False,False,False,False,False,False,True,False,False,False
688,False,False,False,False,False,True,True,False,False,True
689,False,False,True,False,False,False,True,False,True,False
690,True,False,True,True,False,True,False,False,True,False
678,False,False,False,False,True,True,False,False,False,False
660,True,False,True,True,False,True,False,True,True,True
661,True,True,False,False,True,True,False,True,True,True
670,True,False,False,False,True,True,True,True,False,True
671,False,False,False,False,True,False,True,True,True,False
675,False,False,False,False,True,True,True,False,False,False
676,False,False,False,False,True,False,True,False,False,False
677,False,False,False,False,True,False,False,True,True,False
679,False,False,False,False,True,True,False,True,True,False
662,False,False,True,True,False,False,False,False,True,False
664,True,False,False,False,True,False,True,True,False,False
665,False,False,True,True,False,False,True,False,False,False
666,True,False,False,False,True,False,False,True,False,True
667,False,False,False,False,True,True,True,False,False,True
668,False,False,False,False,True,True,False,True,False,True
669,False,False,False,False,True,False,True,False,False,False
672,True,False,False,False,True,True,False,True,False,True
673,False,False,False,False,True,True,True,True,False,True
674,False,False,False,False,True,False,True,False,False,False
600,False,False,True,True,False,False,False,False,True,False
601,False,False,True,True,False,False,False,False,True,False
602,False,True,True,True,False,False,False,False,True,False
603,False,False,True,True,False,False,False,False,True,False
604,True,True,False,False,True,False,True,True,True,False
605,False,False,True,True,False,False,False,False,True,False
606,True,True,True,True,False,True,False,True,False,True
607,False,False,True,True,False,False,False,False,True,False
608,True,True,False,False,True,True,False,True,False,True
609,False,True,False,False,True,False,True,False,False,False
610,False,False,False,False,True,True,True,False,False,False
611,True,True,False,False,True,True,True,True,False,True
612,False,False,False,False,True,False,True,False,False,True
616,True,True,False,False,True,False,True,True,False,True
622,True,True,False,False,True,False,True,False,False,True
623,False,False,False,False,True,False,True,False,False,False
624,False,False,False,False,True,False,True,False,False,False
625,False,False,False,False,True,False,True,False,False,True
626,False,False,False,False,True,False,True,False,False,False
627,True,True,True,True,True,False,True,True,False,True
628,False,False,False,False,True,True,True,False,False,True
613,False,False,False,False,True,False,True,True,False,False
614,False,False,False,False,True,False,True,False,False,True
615,False,False,False,False,True,False,True,False,True,False
617,False,False,True,True,True,False,False,False,False,False
618,False,True,False,True,True,False,True,False,False,True
619,False,False,False,False,True,True,True,False,False,True
620,False,False,False,False,True,False,True,False,False,False
629,False,False,False,False,True,False,True,True,False,True
680,False,False,True,True,False,False,False,False,True,False
681,True,False,True,True,False,True,False,True,True,True
683,False,False,True,True,True,False,False,False,True,False
684,False,False,True,True,True,False,False,False,True,False
685,True,False,True,True,False,False,False,True,True,True
687,False,False,True,True,True,True,False,False,True,False
688,False,False,True,True,False,True,False,True,True,False
689,False,False,True,True,False,False,False,False,True,False
690,True,False,True,True,False,True,False,True,True,False
686,False,False,False,False,True,True,True,False,False,False
691,False,False,False,False,True,False,True,False,False,False
692,False,False,False,False,True,False,True,False,False,False
693,False,False,False,False,True,True,True,False,False,True
107,True,False,False,False,False,True,True,True,False,True
110,True,True,False,False,True,True,False,True,True,True
157,False,False,False,False,True,True,True,True,False,True
197,True,True,False,False,True,False,True,False,False,False
198,True,True,False,False,True,True,False,True,False,True
219,False,False,False,False,True,True,True,True,False,False
202,False,False,True,True,False,False,False,False,True,False
203,False,False,True,True,False,False,False,False,True,False
204,False,False,True,True,False,False,False,False,True,False
205,False,False,True,True,False,False,True,False,True,False
206,True,True,False,False,True,False,True,False,True,False
207,True,True,False,False,True,True,True,True,True,False
208,True,False,True,True,False,False,False,False,True,False
209,True,True,False,True,False,True,False,True,True,False
210,True,True,True,True,False,False,True,False,True,False
211,True,True,True,True,False,False,True,False,True,False
212,True,True,False,False,True,True,True,True,False,True
214,True,True,True,True,False,True,False,False,True,True
215,False,False,False,False,True,True,True,True,False,True
216,True,False,False,False,True,True,True,False,False,True
217,True,False,False,False,True,False,True,False,True,False
218,True,True,False,False,True,False,True,True,False,False
100,True,True,True,True,False,True,False,True,True,True
101,False,False,True,True,False,False,False,False,True,False
102,False,False,False,False,True,False,True,False,True,False
103,True,False,False,False,True,True,True,False,False,True
104,True,True,False,False,True,True,True,True,False,True
105,True,False,True,True,False,False,False,False,True,False
106,True,False,True,True,False,True,False,False,True,False
108,True,False,False,False,True,True,True,True,False,False
109,True,False,False,False,True,True,True,False,True,True
111,True,False,True,False,False,True,False,True,False,True
112,True,True,False,False,True,True,False,True,False,True
115,True,True,False,True,False,True,False,False,True,False
119,False,False,False,False,True,False,True,False,True,False
120,False,False,False,False,True,False,True,False,False,False
122,True,True,False,False,True,False,True,True,False,True
123,True,False,False,False,True,False,True,True,False,False
124,False,False,False,False,True,True,True,True,False,True
125,True,False,False,False,True,False,True,False,False,False
126,True,True,False,False,True,True,True,True,False,True
127,True,False,False,False,True,True,True,True,False,True
130,False,False,False,False,True,False,True,False,False,False
133,False,False,False,False,True,True,True,True,False,True
134,False,False,False,False,True,True,True,False,False,False
135,True,False,False,False,True,True,True,True,False,True
136,False,False,False,False,True,True,True,True,False,True
137,False,False,False,False,True,False,True,False,False,False
142,True,True,False,False,True,True,True,True,False,True
143,True,True,False,False,True,True,True,True,False,True
144,False,False,False,False,True,False,True,False,False,True
145,False,False,False,False,True,False,True,False,False,False
146,True,True,False,False,True,True,True,True,False,True
147,False,False,False,False,True,True,True,True,False,True
150,False,False,False,False,True,False,True,False,False,False
151,True,False,False,False,True,False,True,False,False,True
152,True,True,True,True,True,False,True,False,False,True
153,False,False,False,False,True,False,True,False,False,False
154,False,False,False,False,True,False,False,True,False,True
156,False,False,False,False,True,False,True,False,False,False
158,False,False,False,False,True,False,True,False,False,False
159,False,False,False,False,True,False,True,True,False,True
160,False,False,False,False,True,False,True,False,False,True
161,False,False,False,False,True,True,True,False,False,True
170,False,False,False,False,True,True,False,False,False,False
171,True,True,False,False,True,True,True,True,False,True
172,False,False,False,False,True,True,False,False,False,False
173,False,False,False,False,True,True,True,False,False,False
174,True,False,False,False,True,False,False,False,False,True
175,False,False,False,False,True,True,False,False,False,False
176,True,False,False,False,True,True,False,False,False,True
177,False,False,False,False,True,False,False,False,False,False
180,False,False,False,False,True,False,True,False,False,False
181,True,False,False,False,True,True,False,True,False,True
182,False,False,False,False,True,False,True,True,False,False
183,True,False,False,False,True,False,True,True,False,True
184,False,False,False,False,True,True,True,True,False,True
185,False,False,False,False,True,True,True,True,False,True
186,False,False,False,False,True,False,True,False,False,False
187,False,False,False,False,True,False,True,True,False,True
188,False,False,False,False,True,False,False,False,True,False
189,False,False,True,True,True,False,False,False,True,False
190,True,True,False,False,True,False,True,True,True,False
191,True,True,False,False,True,True,False,True,False,True
192,False,False,True,True,False,False,True,False,True,False
193,False,False,True,True,False,False,False,False,True,False
194,True,False,True,True,True,False,False,False,True,False
195,False,False,False,False,True,False,True,False,False,False
196,False,False,False,False,True,True,True,True,False,True
213,True,True,True,True,False,False,False,False,False,True
220,True,False,True,True,False,False,False,False,True,False
221,True,True,True,True,False,False,False,False,True,False
230,True,True,False,False,True,True,True,False,False,False
232,True,True,False,False,False,True,True,True,False,True
233,True,True,False,False,True,False,True,False,False,False
234,True,True,False,False,False,False,True,False,False,False
235,True,True,False,False,True,True,True,True,False,True
236,True,True,False,False,True,False,True,True,False,True
237,True,True,False,False,True,True,True,True,False,True
238,True,True,False,False,True,True,True,True,False,True
242,False,False,False,False,True,True,True,True,False,True
244,False,False,False,True,True,True,False,False,False,True
245,True,True,False,False,True,True,True,False,False,True
246,False,False,False,True,False,True,False,False,True,False
247,False,False,True,True,False,False,False,False,True,True
248,False,False,False,True,True,True,False,True,True,True
249,False,False,False,True,True,False,False,False,True,True
253,False,False,False,False,True,False,True,False,False,True
254,False,False,False,False,True,True,True,True,False,True
255,False,False,False,False,True,True,True,False,False,True
256,False,False,False,False,True,True,True,True,False,True
257,False,False,False,False,True,True,True,True,False,True
258,True,False,False,False,True,True,True,True,False,True
260,False,False,False,False,True,True,True,False,False,True
263,False,False,False,False,True,False,True,True,False,True
264,False,False,False,False,True,True,True,True,False,True
265,False,False,False,False,True,False,True,False,False,True
266,False,False,False,False,True,True,True,True,False,True
267,False,False,False,False,True,True,True,True,False,True
270,False,False,False,False,True,True,True,False,False,True
271,True,True,False,False,True,True,True,True,False,True
272,True,True,False,False,True,True,True,True,False,True
273,True,True,False,False,True,True,True,True,False,True
274,True,True,False,False,True,True,True,True,False,True
276,True,True,True,False,False,False,True,False,False,True
277,True,True,True,True,False,True,True,False,False,True
278,True,True,False,False,True,True,True,True,False,True
279,True,True,False,False,True,True,True,True,False,True
107,False,False,True,True,False,False,False,True,True,False
110,False,True,True,True,False,False,False,True,True,False
100,False,True,True,True,False,False,False,False,True,True
101,False,False,True,True,False,False,False,False,True,False
102,False,False,True,True,True,False,True,False,True,False
103,False,False,False,False,True,False,True,False,True,False
104,True,True,False,False,True,True,False,True,False,True
105,False,False,True,True,False,False,False,False,True,False
106,False,False,True,True,False,False,False,False,True,False
108,False,False,True,True,False,False,True,False,True,False
109,False,False,True,True,False,False,True,False,True,False
111,False,False,True,True,False,True,False,False,False,True
112,True,True,True,False,False,True,False,True,False,True
115,True,True,True,True,False,False,False,False,True,False
119,False,False,False,False,True,False,True,False,True,False
120,False,False,False,False,True,False,True,False,False,False
122,True,True,False,True,False,False,True,False,False,False
123,False,False,False,True,True,False,True,False,False,False
124,False,False,False,False,True,False,True,True,False,False
125,False,False,False,False,True,False,True,False,True,False
126,True,True,False,True,False,False,True,True,False,False
127,False,False,False,False,True,False,True,True,False,True
130,False,False,False,False,True,False,True,False,False,False
133,False,False,False,False,True,False,True,False,False,False
134,False,False,False,False,True,False,True,False,False,False
135,False,False,False,False,True,True,True,True,False,True
136,False,False,False,False,True,False,True,True,False,False
137,False,False,False,False,True,False,True,False,False,False
142,True,True,False,False,True,False,True,False,False,True
143,False,True,False,False,True,False,True,True,False,True
144,False,False,False,False,True,False,True,False,False,False
145,False,False,True,True,True,False,True,False,True,False
146,True,True,False,False,True,False,True,True,False,True
147,False,False,False,False,True,False,True,False,False,True
639,False,False,False,False,True,True,True,True,False,True
113,False,False,False,False,True,True,False,False,False,True
114,True,True,False,False,True,True,True,True,False,False
116,True,True,False,False,False,True,True,True,False,True
117,False,False,True,True,True,False,True,False,True,False
118,False,False,True,True,False,False,False,False,True,False
121,False,False,False,False,True,False,True,False,False,False
128,False,False,False,False,True,False,True,False,False,False
129,False,False,False,False,True,False,True,False,False,False
131,False,False,False,False,True,False,True,False,False,False
132,True,True,False,False,True,False,True,True,False,True
138,False,False,False,False,True,False,True,False,False,False
139,False,False,False,False,True,False,True,True,False,True
140,False,False,False,False,True,False,True,False,False,False
141,False,False,False,False,True,False,True,False,False,False
148,False,False,False,True,True,False,True,False,False,False
149,False,False,False,False,True,False,True,False,False,True
155,False,False,False,False,True,True,False,False,False,True
157,False,False,False,False,True,True,False,True,False,False
150,False,False,True,False,False,False,True,False,True,False
151,True,False,True,True,False,False,True,False,True,False
152,True,True,True,True,False,False,True,False,False,True
153,False,False,True,False,True,False,False,False,True,False
154,False,False,False,False,True,False,False,False,False,True
156,False,False,True,False,True,False,True,False,True,False
158,False,False,False,False,True,False,True,False,False,False
159,False,False,False,False,True,False,True,True,False,True
160,False,False,True,True,False,False,True,False,False,True
161,False,False,False,False,True,True,False,False,False,True
170,False,False,False,False,True,True,False,False,True,False
171,True,True,True,True,False,True,True,False,False,True
172,False,False,False,True,True,True,False,False,True,False
173,False,False,False,False,True,True,True,False,True,False
174,False,False,True,True,False,False,False,False,True,False
175,False,False,False,False,True,True,False,False,True,False
176,False,False,True,True,False,True,False,False,True,False
177,False,False,True,True,False,False,False,False,True,False
180,False,False,True,True,False,False,True,False,True,False
181,False,False,False,True,False,True,False,True,True,True
182,False,False,False,False,True,False,True,True,True,False
183,False,False,False,False,False,False,True,True,True,False
184,False,False,False,False,False,True,True,True,False,True
185,False,False,False,False,True,True,True,True,False,True
186,False,False,False,False,True,False,True,False,True,False
187,False,False,False,False,False,False,True,False,True,True
188,False,False,True,True,False,False,False,False,True,False
189,False,False,True,True,False,False,False,False,True,False
190,True,True,True,True,False,False,False,False,True,False
191,True,True,False,False,False,True,False,True,False,True
193,False,False,True,True,False,False,False,False,True,False
194,False,False,True,True,False,False,False,False,True,False
195,False,False,True,False,True,False,True,False,True,False
196,False,False,False,False,False,True,True,True,False,True
162,False,False,False,False,True,True,False,False,False,True
163,False,False,False,False,True,False,False,False,False,False
164,False,False,False,False,True,False,True,False,False,False
165,False,False,True,False,True,False,True,True,False,True
166,False,False,False,False,True,False,False,False,False,False
167,False,False,False,False,True,False,True,True,False,True
168,False,False,True,True,False,False,False,False,False,False
169,False,False,False,False,True,True,True,False,False,False
178,False,False,False,False,True,True,False,False,False,False
179,False,False,False,False,True,True,False,True,False,False
197,False,True,True,True,False,False,True,False,True,False
198,True,True,True,True,False,False,False,True,True,True
199,False,True,False,False,True,True,True,True,False,True
219,False,False,False,False,True,True,True,True,False,False
206,False,True,False,False,True,False,True,False,True,False
207,True,True,False,False,True,True,True,True,False,False
208,False,False,True,True,False,False,False,False,True,False
209,False,True,True,True,False,True,False,True,True,False
210,False,True,True,True,False,False,False,False,True,False
211,False,True,True,True,False,False,False,False,True,False
212,True,True,False,False,True,True,False,True,False,True
214,False,True,True,True,False,True,False,False,False,True
215,False,False,False,False,True,True,False,True,False,True
216,False,False,False,False,True,True,False,False,False,True
217,False,False,True,False,True,False,True,False,True,False
218,False,True,False,False,True,False,True,True,False,True
200,True,True,False,True,False,True,False,True,True,True
202,False,False,True,False,True,False,True,False,True,False
203,False,False,True,False,False,False,True,False,True,False
204,False,False,True,False,False,False,True,False,True,False
205,False,False,True,False,False,False,True,False,True,False
320,False,False,False,False,True,False,True,False,True,False
321,False,False,False,False,True,False,True,False,False,False
322,True,True,True,False,False,False,True,True,True,True
323,True,True,True,True,False,False,False,True,False,True
324,False,False,False,False,True,True,True,True,False,True
325,False,True,True,False,False,False,True,False,True,False
326,True,True,False,True,False,False,False,False,False,True
327,False,False,True,True,False,False,True,False,True,False
328,True,True,True,False,False,False,True,False,False,True
329,False,False,False,True,False,False,True,True,True,False
330,True,True,False,False,True,True,False,True,False,True
331,True,True,True,True,False,True,False,False,False,True
333,True,True,True,True,False,False,False,True,True,False
334,True,True,True,True,False,False,False,False,True,False
335,False,False,True,False,False,False,True,False,True,False
336,True,True,True,True,False,False,False,True,True,True
337,False,False,True,False,True,False,True,False,False,False
338,False,True,False,False,True,True,False,True,False,True
339,False,False,False,False,True,True,True,True,False,False
341,False,False,True,True,False,True,False,False,True,False
342,False,False,False,True,True,False,False,False,True,False
344,False,False,False,False,True,True,True,True,False,True
346,False,False,False,False,True,False,True,True,False,False
347,False,False,False,False,True,False,True,False,True,True
349,False,True,False,False,True,True,True,True,False,True
967,False,False,False,False,True,False,True,True,True,True
968,True,False,True,True,False,True,False,False,False,False
832,True,False,False,False,True,True,False,True,False,True
833,True,False,False,False,True,True,False,False,False,True
834,True,False,True,False,False,False,True,False,True,True
835,False,False,False,False,True,True,True,True,False,False
836,True,False,False,False,True,True,False,True,True,True
837,True,False,True,True,False,False,False,False,True,False
838,False,False,False,True,True,False,True,True,False,False
834,False,False,True,False,False,True,False,True,False,True
831,True,False,False,False,True,True,False,True,True,False
827,True,False,False,False,True,True,False,False,True,False
828,False,False,True,True,False,False,True,False,False,False
820,True,False,True,True,False,False,False,True,False,False
822,False,False,True,True,False,True,False,True,False,True
823,True,True,True,False,True,True,False,True,True,True
824,True,False,False,True,True,True,False,True,False,False
825,False,False,False,False,True,True,False,True,False,True
826,True,False,False,False,True,True,True,True,False,False
830,True,True,True,False,True,True,False,True,False,True
829,False,False,False,False,True,True,False,True,True,True
597,False,False,True,True,False,False,False,False,True,False
598,False,False,True,True,False,False,False,True,False,True
599,False,False,False,False,True,False,True,True,False,False
590,False,False,False,False,True,True,False,True,False,True
591,True,False,True,False,True,True,False,False,True,False
592,False,False,False,False,True,True,True,False,True,True
593,True,False,False,False,True,True,True,False,True,False
594,True,False,False,False,True,True,True,False,False,True
595,False,False,False,False,True,True,True,True,False,True
596,False,False,True,True,False,False,False,False,True,False
991,False,False,False,True,True,False,False,True,False,True
986,False,False,False,False,True,False,True,True,False,False
993,False,False,False,False,True,True,False,False,False,True
994,False,False,False,False,True,True,True,True,False,True
980,True,False,True,True,False,False,False,False,True,False
981,True,False,True,True,False,False,False,False,True,False
982,False,False,False,False,True,False,True,True,False,False
983,False,False,False,False,True,False,True,True,False,False
984,True,False,False,False,True,True,True,True,False,True
985,False,False,False,False,True,False,True,True,False,True
988,False,False,False,False,True,True,False,True,False,True
989,False,False,False,False,True,True,False,True,False,True
990,False,False,False,False,True,False,True,True,False,False
992,False,False,False,False,True,False,True,True,False,True
460,False,False,True,True,False,False,False,False,True,False
461,False,False,True,False,True,False,True,False,True,False
462,True,True,True,True,False,True,False,True,False,True
463,False,False,False,False,True,False,True,True,True,False
464,True,True,False,False,True,True,True,True,False,True
465,False,False,False,False,True,True,False,False,False,False
466,True,True,False,True,False,True,False,True,False,True
467,False,False,False,False,True,True,True,False,False,False
468,True,True,True,True,False,False,True,True,False,True
469,False,False,False,False,True,True,True,True,False,True
470,False,False,False,False,True,False,False,False,True,False
471,False,False,False,False,True,True,True,False,True,False
472,False,False,False,False,True,False,False,False,False,False
473,False,False,False,False,True,True,False,True,False,True
474,False,False,True,True,False,False,False,False,False,False
475,False,False,False,False,True,True,False,False,False,False
476,False,False,False,False,True,False,True,False,True,False
477,False,False,True,False,False,False,True,False,False,True
478,False,False,False,False,True,True,True,True,False,True
479,False,False,True,True,False,False,False,False,False,False
460,True,False,True,True,False,False,False,False,True,False
461,True,False,False,False,True,True,True,False,True,False
462,True,True,True,False,False,True,False,True,False,True
463,True,False,False,False,True,True,True,True,True,True
464,True,True,False,False,True,True,True,True,False,True
465,True,False,False,False,True,True,False,True,False,True
466,True,True,False,False,False,True,False,True,False,True
467,False,False,False,False,True,True,True,False,False,False
468,True,True,False,False,False,True,True,True,False,True
469,True,False,False,False,True,True,True,True,False,True
473,True,False,False,False,True,True,False,True,False,True
474,True,False,False,True,False,True,False,True,False,True
475,True,False,False,False,True,True,False,False,False,False
476,True,False,False,False,True,True,True,False,True,False
477,True,False,False,False,True,True,True,False,False,True
478,True,False,False,False,True,True,True,True,False,True
400,True,False,False,False,True,True,True,False,True,False
401,True,False,False,False,True,True,True,True,True,True
402,True,True,False,True,False,True,True,True,True,True
403,True,False,False,False,True,True,False,True,False,True
404,True,False,False,False,True,True,False,True,False,True
405,True,True,True,True,False,True,False,True,True,True
406,True,False,True,False,False,True,False,True,True,False
407,False,False,False,False,True,True,False,True,False,True
408,True,False,False,False,True,True,False,True,False,True
409,True,False,False,False,True,True,False,True,False,True
410,True,False,True,True,False,True,False,True,True,True
411,True,False,False,False,True,True,True,True,False,True
421,True,False,False,False,True,True,False,True,False,True
422,True,False,False,False,True,True,True,True,False,True
423,True,False,False,False,True,True,True,True,False,True
424,True,False,False,False,True,True,True,True,False,True
425,False,False,False,False,True,True,False,True,False,True
426,True,False,False,False,True,True,False,True,False,True
427,True,False,False,False,True,True,False,True,False,True
390,True,True,False,False,False,True,True,True,True,True
391,True,True,False,True,False,True,False,True,False,True
428,False,False,False,False,True,True,False,True,True,False
429,False,False,False,False,True,False,False,True,False,True
433,True,False,False,False,True,True,False,True,False,True
434,True,False,False,False,True,False,True,True,False,False
435,True,False,False,True,True,False,True,False,True,False
436,True,True,False,False,False,True,True,True,False,True
440,True,False,False,False,False,True,True,True,True,False
441,True,True,False,True,False,True,False,True,False,True
442,True,False,True,True,True,False,False,False,True,False
443,True,True,False,False,True,True,True,True,False,True
444,True,False,False,False,True,True,False,True,False,True
445,True,True,False,False,True,True,True,True,False,True
446,True,False,False,False,True,True,False,False,False,True
447,True,False,False,False,True,True,True,True,False,True
448,True,False,False,False,True,True,False,True,False,True
449,True,False,False,False,True,True,True,True,False,True
453,True,False,False,False,True,True,True,True,True,True
454,True,True,False,True,False,True,True,True,False,True
455,True,False,False,False,True,True,True,True,False,True
456,True,False,False,False,True,True,False,True,False,True
457,True,False,False,True,True,True,False,True,False,True
484,True,False,False,False,True,True,True,True,True,False
485,True,True,False,False,True,True,True,True,False,True
486,True,False,False,False,True,True,True,True,False,True
490,True,False,False,False,False,True,True,True,False,True
491,True,False,False,False,False,True,True,True,False,True
492,True,False,False,False,True,True,True,True,False,True
493,True,False,False,False,False,True,True,True,True,False
494,True,False,False,False,False,True,True,True,True,True
495,True,True,True,True,False,True,True,True,False,True
496,False,False,False,False,True,True,True,True,False,True
497,True,False,False,False,True,True,True,True,False,True
498,True,False,False,False,True,False,True,True,False,True
499,True,False,False,False,True,True,False,True,False,True
450,False,False,True,True,False,False,False,False,True,False
433,False,False,False,False,True,True,False,False,False,False
434,False,False,False,False,True,False,True,False,False,False
435,False,False,True,True,True,False,True,False,True,False
436,True,True,False,False,False,True,True,True,False,True
440,False,False,True,False,False,False,True,False,True,False
441,True,True,True,True,False,True,True,True,False,True
442,False,False,True,True,False,False,False,False,True,False
443,True,True,False,False,True,True,True,True,False,True
444,False,False,False,False,True,False,False,True,False,False
445,True,True,False,False,True,True,True,True,False,True
446,False,False,False,False,True,True,False,False,False,False
447,False,False,False,False,True,False,True,True,False,True
448,False,False,False,False,True,True,False,False,False,False
449,False,False,False,False,True,True,True,True,False,True
453,False,False,False,False,True,False,True,False,True,False
454,True,True,True,True,False,False,True,True,False,True
455,False,False,False,False,True,True,True,True,False,True
456,False,False,False,False,True,True,False,True,False,True
457,False,False,False,True,True,False,False,False,False,True
430,False,False,True,True,False,False,False,False,True,False
431,False,False,False,False,True,False,True,False,True,False
432,True,True,True,True,False,True,False,True,False,True
437,False,False,False,False,True,True,False,True,False,True
438,False,False,False,False,True,True,False,False,False,False
439,False,False,False,False,True,True,True,True,False,True
451,False,False,False,False,True,True,False,False,True,False
452,True,True,True,True,False,False,False,True,False,True
458,False,False,False,False,True,False,True,False,False,False
500,False,False,True,True,False,False,False,False,True,False
501,False,False,True,False,True,False,True,True,True,False
502,False,False,True,True,False,False,False,False,True,False
503,True,False,True,True,False,True,False,True,True,True
504,False,False,False,False,True,False,True,False,False,False
505,False,False,False,False,True,True,True,True,False,True
506,False,False,False,False,True,False,False,False,True,False
507,True,True,False,False,True,True,False,True,False,True
508,False,False,False,False,True,True,True,False,False,True
510,False,False,False,False,True,False,True,False,False,False
511,True,False,False,False,True,True,False,True,False,True
512,False,False,False,False,True,True,False,False,True,False
513,False,False,False,False,True,False,True,False,False,False
514,False,False,False,False,True,True,False,False,False,True
515,False,False,False,False,True,True,True,True,False,True
516,False,False,False,False,True,True,True,False,False,True
520,False,False,False,False,True,True,False,False,False,True
521,False,False,False,False,True,True,False,False,False,False
522,True,False,True,True,False,False,False,False,False,False
523,False,False,True,True,False,False,True,False,True,False
524,True,False,True,True,False,False,True,False,True,False
525,False,False,False,False,True,True,False,True,False,True
526,False,False,False,False,True,True,True,True,False,True
527,False,False,False,True,False,True,True,False,True,False
528,True,False,False,True,True,True,True,True,False,True
500,True,False,True,False,False,False,True,False,True,False
503,True,False,False,False,False,True,True,True,False,True
504,False,False,False,False,True,False,True,False,False,True
505,True,False,False,False,True,True,True,False,False,True
506,False,False,False,False,True,False,True,False,False,False
507,True,True,False,False,True,True,True,True,False,True
508,False,False,False,False,True,True,True,False,False,True
510,False,False,False,False,True,False,True,False,False,False
514,False,False,False,False,True,True,True,False,False,True
515,False,False,False,False,True,True,True,False,False,True
516,True,False,False,False,True,True,True,False,False,True
520,True,False,False,False,True,True,True,False,False,True
525,True,False,False,False,True,True,True,True,False,True
526,True,False,False,False,True,True,True,True,False,True
545,False,False,False,False,True,False,True,True,False,False
560,True,False,False,False,True,False,True,False,False,False
564,False,False,False,False,True,False,True,False,False,True
565,True,False,False,False,True,False,True,False,False,False
566,False,False,False,False,True,True,True,True,False,True
567,False,False,False,False,True,False,True,False,False,False
582,True,False,False,False,False,False,True,False,False,True
590,False,False,False,False,True,True,True,True,False,True
581,True,False,True,False,False,False,True,False,False,True
583,False,False,False,False,True,True,True,False,False,True
584,False,False,False,False,True,True,True,False,False,False
585,False,False,False,False,False,True,True,False,True,False
586,True,False,False,False,True,True,True,False,True,False
587,True,False,False,False,True,False,True,False,True,False
576,False,False,False,False,True,True,True,True,False,True
570,False,False,True,False,True,False,True,False,False,False
573,False,False,False,False,True,True,True,False,False,True
574,False,False,False,False,True,True,True,False,False,False
575,False,False,False,False,True,True,True,True,False,True
577,False,False,False,False,True,True,True,True,False,True
509,False,False,True,True,False,False,False,False,True,False
530,False,False,True,False,True,False,True,False,True,False
534,True,True,False,False,True,True,True,True,False,True
535,True,False,False,False,True,False,True,False,True,False
536,False,False,True,False,True,False,True,False,False,False
540,True,False,True,False,False,False,True,False,True,False
543,True,False,False,False,True,True,True,True,False,True
544,False,False,False,False,True,True,True,True,False,False
546,False,False,False,False,True,False,True,False,False,False
547,False,False,False,False,True,False,True,False,False,False
548,False,False,False,False,True,False,True,True,False,True
549,True,False,False,False,True,False,True,False,False,False
568,False,False,True,False,False,False,True,False,True,False
561,False,False,False,False,True,True,True,False,False,True
550,False,False,False,False,True,False,True,False,True,False
551,True,False,True,True,False,True,False,True,True,True
553,False,False,True,True,False,False,True,False,True,False
554,True,True,True,True,False,True,False,True,False,True
556,False,False,False,False,True,False,True,False,False,False
557,False,False,False,False,True,False,True,True,False,True
558,False,False,False,True,True,False,True,True,False,True
559,False,False,False,True,True,False,True,False,False,False
560,False,False,False,False,True,True,True,False,False,False
562,False,False,False,False,True,True,True,False,False,True
563,False,False,False,False,True,True,True,False,False,True
564,False,False,False,False,True,True,True,False,False,True
565,False,False,False,False,True,True,True,False,False,False
566,False,False,False,False,True,True,True,True,False,True
567,False,False,False,False,True,True,True,False,False,False
400,False,False,True,True,True,False,True,False,True,False
401,False,False,False,False,True,False,True,True,True,False
402,True,True,True,True,False,False,True,False,True,False
403,False,False,True,True,True,False,False,False,True,False
404,False,False,True,True,True,True,False,True,False,True
405,True,True,True,True,False,False,False,False,True,False
406,False,False,True,True,False,False,False,False,True,False
407,False,False,True,False,True,True,False,True,False,True
408,False,False,False,False,True,True,False,True,False,True
409,False,False,False,False,False,True,False,True,False,True
410,False,False,True,True,False,False,True,False,True,False
411,False,False,False,False,True,True,True,True,False,True
412,False,False,False,False,True,True,False,True,False,True
413,False,False,False,False,True,True,False,True,False,True
414,False,False,False,False,True,True,False,True,False,True
415,False,False,False,False,True,True,False,True,False,True
416,False,False,False,False,True,True,False,True,False,True
417,False,False,False,False,True,True,False,True,False,True
418,False,False,False,False,True,True,False,True,False,True
420,False,False,False,False,True,False,True,False,False,False
421,False,False,False,False,True,True,False,False,False,False
422,True,False,False,False,True,True,True,True,False,False
423,False,False,False,False,True,False,True,False,False,False
424,False,False,False,False,True,False,True,False,False,True
425,False,False,False,False,True,True,False,True,False,True
426,False,False,False,False,True,True,False,True,False,True
427,False,False,False,False,True,True,False,False,False,True
380,True,True,True,True,False,False,True,False,True,False
382,False,False,False,True,True,False,False,True,False,False
385,False,False,False,False,True,True,False,True,False,True
374,True,True,True,True,False,True,True,True,False,True
376,False,False,False,False,True,True,False,False,False,True
377,False,False,False,False,True,True,False,True,False,False
378,False,False,False,False,True,True,False,True,False,True
381,True,True,False,True,False,True,True,True,False,True
383,True,True,False,False,True,True,False,True,False,True
384,False,False,False,False,True,True,True,False,True,False
373,False,False,False,False,True,True,True,True,False,False
370,False,False,True,True,False,False,True,False,True,False
371,False,False,True,False,True,False,True,False,True,False
372,True,True,True,True,False,False,False,False,True,True
379,False,False,True,True,False,False,True,False,True,False
700,False,True,True,True,False,False,True,False,True,False
701,True,True,True,True,False,False,False,True,True,True
703,False,True,True,True,False,True,False,False,True,False
704,False,True,True,True,False,False,False,True,True,False
705,False,True,True,False,True,True,False,False,True,True
706,False,True,False,True,True,False,False,False,True,False
707,False,True,True,True,True,False,False,False,True,False
708,True,True,True,True,False,False,False,False,True,False
710,True,True,False,False,True,True,False,True,False,True
711,True,True,True,True,False,False,True,True,False,True
712,True,True,False,False,True,True,False,True,False,True
713,True,True,False,False,True,True,False,True,False,True
714,False,True,False,False,True,True,True,True,False,True
390,False,True,True,True,False,False,False,False,True,False
391,True,True,True,True,False,False,False,False,True,False
387,True,True,True,False,False,True,False,True,False,True
386,False,True,True,False,False,False,True,False,True,False
388,False,True,False,False,True,True,False,False,False,False
389,True,True,False,False,True,True,False,True,False,True
392,True,True,True,True,False,False,True,True,False,True
393,True,True,False,False,True,True,True,False,False,True
394,False,True,False,False,True,False,True,False,False,False
395,False,True,False,False,False,False,True,False,True,False
396,True,True,False,False,True,True,False,False,False,True
397,True,True,True,True,False,False,False,True,False,True
484,False,False,False,False,True,False,True,False,True,False
485,True,True,False,False,True,True,True,True,False,True
486,False,False,False,False,True,True,True,True,False,True
490,False,False,False,False,True,False,True,False,False,False
491,False,False,False,False,True,False,True,False,False,False
492,False,False,False,False,True,True,True,False,False,False
493,False,False,True,False,True,False,False,False,True,False
494,False,False,True,False,True,False,True,False,False,False
495,False,True,True,True,False,True,False,False,False,True
496,False,False,False,False,True,False,True,False,False,False
497,False,False,False,False,True,False,True,True,False,False
498,False,False,False,False,True,False,False,False,False,False
499,False,False,False,False,True,False,False,False,False,False
480,False,True,True,True,False,False,True,False,True,False
481,False,False,True,True,False,False,False,False,True,False
482,True,True,False,False,True,True,False,True,False,True
483,False,False,True,True,False,False,False,False,True,False
487,False,False,False,False,True,True,True,True,False,False
488,False,False,True,True,False,False,True,False,True,False
489,True,True,True,False,False,False,True,True,False,True
220,False,False,True,True,False,False,False,False,True,False
221,False,True,True,True,False,False,False,False,True,False
230,True,True,False,False,True,True,True,True,False,True
232,True,True,True,False,False,True,False,True,False,True
233,True,True,False,False,True,False,True,True,True,False
234,True,True,False,False,True,False,True,True,False,False
235,True,True,False,False,True,False,True,True,False,True
236,True,True,False,False,True,False,True,True,False,True
237,True,True,False,False,True,True,True,True,False,True
238,True,True,False,False,True,True,True,True,False,True
242,False,False,False,False,True,True,False,True,False,True
244,False,False,False,True,True,False,False,False,False,True
245,True,True,False,False,True,True,True,True,False,True
246,False,False,False,True,False,True,False,True,True,False
201,False,False,True,True,False,False,False,False,True,False
239,True,True,False,False,True,True,False,True,False,True
241,False,False,False,False,True,True,True,True,False,True
243,False,False,False,False,True,True,True,True,False,True
222,False,False,True,True,False,False,False,False,True,False
223,False,True,True,True,False,True,False,False,True,False
224,True,True,False,False,True,False,True,False,True,False
225,True,True,False,False,True,False,True,False,True,False
226,False,False,False,False,True,True,True,False,False,False
227,False,False,False,False,True,True,True,False,False,False
228,False,False,False,False,True,True,False,False,False,True
229,False,False,False,True,True,False,False,False,False,True
231,False,True,True,True,False,False,True,False,True,False
240,False,True,False,False,True,True,True,False,False,True
247,True,False,True,True,False,False,False,False,True,False
248,True,False,True,True,False,True,False,True,True,True
249,False,False,True,True,False,False,False,False,True,False
253,True,False,True,True,False,False,True,False,True,False
254,True,False,True,True,False,False,True,True,True,False
255,False,False,False,True,False,False,True,False,True,False
256,False,False,False,False,False,True,True,True,True,True
257,True,False,True,True,False,False,True,True,False,True
258,True,False,True,False,False,True,True,True,False,True
260,False,False,True,False,True,False,True,False,False,False
263,False,False,True,True,False,False,True,False,True,False
264,False,False,True,True,False,False,True,False,True,False
265,True,False,True,True,False,False,False,False,True,False
266,False,False,True,True,False,False,True,True,True,False
267,False,False,False,False,True,False,True,False,False,False
250,False,False,False,False,True,True,False,True,False,False
251,False,False,False,False,True,True,True,True,False,True
252,False,False,False,False,True,True,False,True,False,False
259,False,False,False,False,True,True,False,True,False,True
261,False,False,False,False,True,False,True,True,False,True
262,False,False,False,False,True,True,False,False,False,True
268,False,False,False,False,True,True,False,False,False,False
270,False,False,False,False,True,True,False,False,True,False
271,True,True,True,True,False,False,False,True,False,True
272,False,True,False,False,True,True,False,True,False,True
273,False,True,False,False,True,True,True,False,False,False
274,True,True,True,True,False,True,False,False,False,True
276,True,True,True,True,False,False,False,False,True,False
277,True,True,True,True,False,False,False,False,True,False
278,True,True,False,False,True,True,True,True,False,True
279,True,True,False,False,True,True,True,True,False,False
286,False,False,False,False,True,True,False,True,False,True
289,False,False,False,False,True,True,False,False,False,True
275,False,True,True,True,False,False,False,False,True,False
280,False,True,False,False,True,False,True,False,True,False
281,False,True,True,False,True,False,True,True,True,False
282,True,True,True,True,False,False,False,False,True,False
283,True,True,False,False,True,True,True,True,False,True
284,False,True,True,False,False,False,True,True,False,True
285,False,True,False,False,True,False,True,True,False,False
287,False,False,False,True,True,False,False,False,False,False
288,False,False,True,True,False,False,False,False,True,False
286,True,False,False,False,True,True,True,True,False,True
289,False,False,False,False,True,True,True,False,False,True
291,True,True,False,False,True,True,True,True,False,True
280,True,True,False,False,True,True,True,True,False,True
281,True,True,False,False,True,False,True,True,False,False
282,True,True,True,False,False,False,True,True,False,True
283,True,True,False,False,True,True,True,True,False,True
284,True,True,False,False,False,False,True,True,False,True
285,True,True,False,False,True,False,True,True,False,True
287,False,False,False,False,True,False,True,False,False,True
288,True,False,True,True,False,False,True,False,False,False
290,True,True,False,False,True,True,True,True,False,True
292,True,True,True,True,False,False,True,True,False,True
291,True,True,False,False,True,True,False,True,False,True
290,False,True,False,True,True,True,False,True,True,True
292,True,True,True,True,False,False,True,True,True,False
293,False,True,False,False,True,True,False,False,False,True
294,True,True,True,True,False,False,True,False,True,False
295,True,True,False,False,True,True,True,True,False,True
296,False,True,True,True,False,True,False,False,False,False
297,False,True,True,False,True,False,False,True,True,False
298,True,True,False,False,True,True,False,True,False,True
299,False,True,True,True,False,False,True,False,True,False
545,False,False,False,True,True,False,True,False,False,False
530,False,False,True,True,False,False,False,False,True,False
534,True,True,False,False,False,True,True,True,False,True
535,False,False,True,True,False,False,True,False,True,False
540,False,False,True,True,False,False,True,False,True,False
543,False,False,True,False,False,True,True,False,False,True
544,False,False,False,False,True,True,False,False,False,False
546,False,False,False,False,True,False,True,False,False,False
547,False,False,False,False,True,False,True,False,False,False
548,False,False,False,False,True,False,True,True,False,True
549,False,False,True,False,True,False,False,False,False,False
531,False,False,True,True,False,False,True,True,True,False
532,True,True,False,True,False,True,False,True,False,True
537,True,False,True,True,False,False,False,False,True,True
538,False,False,False,False,True,False,True,False,False,False
539,False,False,False,False,True,True,True,False,False,False
541,False,False,False,False,True,False,True,False,True,False
542,False,False,False,False,True,False,False,False,False,False
582,True,False,False,True,True,False,False,True,False,True
580,False,False,True,False,False,False,True,False,True,False
581,True,False,True,True,False,False,False,True,False,True
583,False,False,False,False,True,True,True,True,False,True
584,False,False,False,False,True,True,False,False,False,True
585,False,False,False,True,True,True,False,True,True,False
586,False,False,False,False,True,True,False,True,True,False
587,True,False,False,False,True,False,True,False,True,False
588,True,False,False,False,True,False,True,False,True,True
750,False,False,True,True,False,False,False,False,True,False
751,True,True,False,False,True,False,True,True,False,False
752,True,True,True,True,False,True,False,True,False,True
760,False,False,True,True,True,False,True,False,True,False
762,False,False,True,True,False,False,True,False,True,False
763,False,False,False,True,True,False,True,False,False,False
764,False,False,True,True,True,False,False,False,True,False
765,True,True,False,False,True,False,True,True,False,False
766,False,False,True,True,True,False,False,False,True,False
767,True,True,False,True,True,False,False,False,True,False
770,True,True,False,True,False,True,False,True,False,True
772,False,False,True,True,False,False,False,False,True,False
773,False,False,True,True,True,False,True,False,True,False
774,True,True,True,True,False,False,False,False,True,False
775,True,False,False,False,True,False,True,True,True,False
776,False,False,False,False,True,False,True,True,False,False
780,False,False,False,False,True,True,False,False,False,True
782,False,False,False,True,True,False,True,True,False,True
783,False,False,False,False,True,True,True,True,False,False
784,False,False,False,False,True,False,True,False,False,False
785,False,False,False,False,False,True,False,True,False,True
786,False,False,True,True,False,False,True,False,True,False
787,False,False,True,True,False,False,False,False,True,False
788,False,False,False,False,True,True,False,True,False,True
790,False,False,False,False,True,True,False,False,False,False
792,False,False,True,True,False,False,False,False,True,False
793,False,False,False,False,True,True,False,False,True,False
794,False,False,True,True,False,False,True,False,False,False
795,False,False,False,False,True,False,True,False,True,False
796,False,False,True,True,True,False,False,False,True,False
797,False,False,False,False,True,True,True,False,True,False
798,False,False,False,False,False,True,False,True,False,True
753,False,False,False,False,False,False,False,False,False,False
754,False,False,False,False,True,False,True,True,False,True
755,True,True,False,False,True,False,True,True,False,True
756,True,True,False,False,True,False,True,True,False,False
757,True,True,False,False,True,False,True,True,False,False
758,True,True,False,False,True,True,True,False,False,False
759,True,True,False,False,True,True,True,True,False,True
761,True,True,False,False,True,True,True,True,False,True
768,False,False,False,False,True,True,True,False,False,False
769,False,False,False,False,True,False,True,False,False,False
777,True,True,False,False,True,False,True,True,False,True
778,True,False,True,True,False,False,False,False,False,True
779,False,False,False,False,True,False,True,False,False,False
781,False,False,False,False,True,False,True,False,True,False
789,False,False,False,False,True,False,False,False,False,False
791,False,False,False,False,True,False,True,False,False,False
799,False,False,False,False,False,True,True,True,False,True
576,False,False,False,False,True,True,False,True,False,True
570,False,False,True,True,False,False,False,False,True,False
571,True,False,True,True,False,False,False,False,True,False
572,False,False,False,False,True,True,False,False,False,False
573,False,False,False,False,True,True,False,False,False,False
574,False,False,False,False,True,False,False,False,False,False
575,False,False,False,True,True,True,False,True,False,True
577,False,False,False,False,False,False,True,True,False,True
